controller,regime,rmse,mae,iae,itae,p95,p99,max
PID (tuned),aggregate,1.4345465094150163,0.9473107673000035,568.3864603798891,177557.41427056037,3.81845999999997,4.714063870000017,4.90925499999998
PID (tuned),transient,2.4981839639251384,2.053476873257143,359.3584528199285,105598.88338656504,4.593519199999987,4.879323139999989,4.90925499999998
PID (tuned),settled,0.5852123158699828,0.5106846078333398,122.56430587997717,43675.16433687439,0.9175684500000011,0.9782570700000364,0.9898360000000533
NMPC traj. (N=12),aggregate,1.6090145772249669,0.694121785766668,416.473071459918,119868.03137067021,4.495593099999967,5.899008309999994,6.279492999999997
NMPC traj. (N=12),transient,2.9255734246771072,2.133649019657143,373.38857843992577,105469.03150919265,5.813325799999999,6.124754609999991,6.279492999999997
NMPC traj. (N=12),settled,0.05273364589412999,0.033505023333335555,8.041205599998934,3000.7027506197123,0.10006604999999999,0.10194006,0.168077
NMPC offset-free (N=12),aggregate,0.24930190684405235,0.12975096886666812,77.85058131998538,23535.477954871374,0.6314490500000097,0.9791392699999796,1.4350469999999949
NMPC offset-free (N=12),transient,0.4440052961340731,0.3273120406857145,57.27960711998864,17350.622223052953,0.909941300000001,1.2806030300000015,1.4350469999999949
NMPC offset-free (N=12),settled,0.05212664561956822,0.032932582416669014,7.90381977999899,2933.5293128273343,0.097968,0.10019301,0.1934
